publish_date,headline_category,headline_text
20010102,unknown,"Status quo will not be disturbed at Ayodhya; says Vajpayee"
20010102,unknown,"Fissures in Hurriyat over Pak visit"
20010102,unknown,"America's unwanted heading for India?"
20010102,unknown,"For bigwigs; it is destination Goa"
20010102,unknown,"Extra buses to clear tourist traffic"
20010102,unknown,"Dilute the power of transfers; says Riberio"
20010102,unknown,"Focus shifts to teaching of Hindi"
20010102,unknown,"IT will become compulsory in schools"
20010102,unknown,"Move to stop freedom fighters' pension flayed"
20010102,unknown,"Gilani claims he applied for passport 2 years ago"
20010102,unknown,"Parivar dismisses PM's warning"
20010102,unknown,"India; Pak exchange lists of N-plants"
20010102,unknown,"Will Qureshi's return really help the govt?"
20010102,unknown,"PM's tacit message: Put Ram tample on hold"
20010102,unknown,"Text of the Prime Minister's article"
20010102,unknown,"NCW to focus on violence against women"
20010102,unknown,"BBC's reality TV will focus on AIIMS"
20010102,unknown,"Jaitley firm on legal reforms"
20010102,unknown,"Hoshangabad farmers have enough water"
20010102,unknown,"BJP jumps into rail track conversion issue"
20010102,unknown,"America's unwanted heading for India?"
20010102,unknown,"State may take AP to court over Krishna"
20010102,unknown,"This official has sued the briber"
20010102,unknown,"Park turns temple compound as residents watch"
20010102,unknown,"Moves afoot to evict squatters in Urban dist"
20010102,unknown,"Mafia calls the shots in Gandhinagar too"
20010102,unknown,"Status quo will not be disturbed at Ayodhya; says Vajpayee"
20010102,unknown,"Fissures in Hurriyat over Pak visit"
20010102,unknown,"America's unwanted heading for India?"
20010102,unknown,"For bigwigs; it is destination Goa"
20010102,unknown,"Extra buses to clear tourist traffic"
20010102,unknown,"Dilute the power of transfers; says Riberio"
20010102,unknown,"Focus shifts to teaching of Hindi"
20010102,unknown,"IT will become compulsory in schools"
20010102,unknown,"Move to stop freedom fighters' pension flayed"
20010102,unknown,"Gilani claims he applied for passport 2 years ago"
20010102,unknown,"Parivar dismisses PM's warning"
20010102,unknown,"India; Pak exchange lists of N-plants"
20010102,unknown,"Will Qureshi's return really help the govt?"
20010102,unknown,"PM's tacit message: Put Ram tample on hold"
20010102,unknown,"Text of the Prime Minister's article"
20010102,unknown,"NCW to focus on violence against women"
20010102,unknown,"BBC's reality TV will focus on AIIMS"
20010102,unknown,"Jaitley firm on legal reforms"
20010102,unknown,"Hoshangabad farmers have enough water"
20010102,unknown,"BJP jumps into rail track conversion issue"
20010102,unknown,"America's unwanted heading for India?"
20010102,unknown,"State may take AP to court over Krishna"
20010102,unknown,"This official has sued the briber"
20010102,unknown,"Park turns temple compound as residents watch"
20010102,unknown,"Moves afoot to evict squatters in Urban dist"
20010102,unknown,"Mafia calls the shots in Gandhinagar too"
20010102,unknown,"Come to Nandi Hills...and you can fly"
20010102,unknown,"HAL approached for super jumbo project"
20010102,unknown,"Nagathihalli returns with Preethiya Hudugi"
20010102,unknown,"Fashion in the future"
20010102,unknown,"Promises to keep"
20010102,unknown,"Home is where the holistic science is"
20010102,unknown,"A noisy effort to spruce up Commercial Street"
20010102,unknown,"The best music of the year"
20010102,unknown,"Redemption night; amid some rock"
20010102,unknown,"Consul is back from month-long leave"
20010102,unknown,"Bomb hoax triggers panic in Canara Bank"
20010102,unknown,"Petition over ministers' assets dismissed"
20010102,unknown,"He beat polio; but a truck driver's is no life"
20010102,unknown,"Destroying myths and doubts on sexuality"
20010102,unknown,"Planning Dept seeks Rs 350 crore more"
20010102,unknown,"More engg colleges if needed in state: Govt"
20010102,unknown,"Auto driver's murder: 4 held"
20010102,unknown,"Meet held on cashew crop forecasting"
20010102,unknown,"Awareness rally on AIDS today"
20010102,unknown,"Record power generation at RTPS"
20010102,unknown,"Move to stop freedom fighters' pension flayed"
20010102,unknown,"Snags delay digital maps of city"
20010102,unknown,"Making education a people's movement"
20010102,unknown,"Murder spoils 2001 party in Dharwad"
20010102,unknown,"Now a website on a seer"
20010102,unknown,"Akki-Alur and Ranebennur peaceful"
20010102,unknown,"Weekly editor resorts to hunger strike"
20010102,unknown,"Bickering cost Dal(S) seats; admits Gowda"
20010102,unknown,"BJP to block traffic statewide on Jan 6"
20010102,unknown,"Dr Patwardhan to be felicitated"
20010102,unknown,"Lingambudhi will be turned into bird sanctuary"
20010102,unknown,"Cactus which made it to Guinness is dying"
20010102,unknown,"VIPs suffer as power supply is stopped to govt guest houses"
20010102,entertainment.hindi.bollywood,"Raju Chacha"
20010103,unknown,"Powerless north India gropes in the dark"
20010103,unknown,"Think again; Laxman tells Sangh Parivar"
20010103,unknown,"Hurriyat undecided over team to Pakistan"
20010103,unknown,"Vajpayee wants to put reforms on fast track"
20010103,unknown,"Stephen Hawking keeps date with Mumbai"
20010103,unknown,"Anti-Hrithik or anti-hopelessness"
20010103,unknown,"Govt plans stadium near Panaji"
20010103,unknown,"BJP doing a volte face on casinos: Cong"
20010103,unknown,"3 watershed projects on the anvil"
20010103,unknown,"No report yet on fire in Udyog Bhavan"
20010103,unknown,"He is the king of 'five star' industry"
20010103,unknown,"Petrol pump sealed for selling adulterated fuel"
20010103,unknown,"Milk price up by Rs 1 per litre"
20010103,unknown,"Congress House is no-smoking zone"
20010103,unknown,"Rural weightage: Govt reassures Governor"
20010103,unknown,"Bride gets honeymoon surprise: Chopper ride"
20010103,unknown,"Is hangover a sign of alcoholicism?"
20010103,unknown,"Almatti: AP to wait and watch"
20010103,unknown,"10-year-old girl missing"
20010103,unknown,"Hear his messages from the heart"
20010103,unknown,"Dance like no one's watching"
20010103,unknown,"From reel love to real love"
20010103,unknown,"Power row: Bribe attempt charge denied"
20010103,unknown,"Lakshamma's cry for help heard"
20010103,unknown,"It's shopping time for your newborn"
20010103,unknown,"Con games on the catwalk"
20010103,unknown,"They are here to help us"
20010103,unknown,"These noisy spots are hurting your ears"
20010103,unknown,"Flat tyres; flat music and a few famous faces"
20010103,unknown,"Yogananda birth anniversary fete on Dec 5"
20010103,unknown,"Tumkur gets 243 borewells"
20010103,unknown,"Over 2000 workers hit by lockout"
20010103,unknown,"Child project officer held for fraud"
20010103,unknown,"BCC holds talks on budget"
20010103,unknown,"Skybus metro trains on agenda"
20010103,unknown,"A disciple awaits a miracle from his Goddess"
20010103,unknown,"TOI scribe among Press Academy awardees"
20010103,unknown,"Talent Search exams on April 29"
20010103,unknown,"Ban orders extended in Ranebennur"
20010103,unknown,"Army turns to HAL for Lancer supply"
20010103,entertainment.hindi.bollywood,"'Devdas': Jinxed?"
20010104,unknown,"The string that pulled Stephen Hawking to India"
20010104,unknown,"Vajpayee gives big push to tech education; R&D"
20010104,unknown,"Norms for private role in banking tightened"
20010104,unknown,"A Maha Kumbh of media players"
20010104,unknown,"Net lottery: A winner or a sucker?"
20010104,unknown,"Us and the PM's Musings"
20010104,unknown,"Milosevic to be charged with 'abuse of office'"
20010104,unknown,"Tabu: Bar Bar Dekho"
20010104,unknown,"Anupam Kher: Sliver Spoon!"
20010104,unknown,"Aftab Shivdasani: Career Cares!"
20010104,unknown,"Court reserves judgment on custody of Ilyasi's daughter"
20010104,unknown,"A museum far from the madding crowds"
20010104,unknown,"Bangla Oppn leader issues 'fatwa' against judges"
20010104,unknown,"Hawking set to inspire science glitterati"
20010104,unknown,"Mission for technology education; more funds for R&D"
20010104,unknown,"Mental illness can pass from parent to child"
20010104,unknown,"Cholera outbreak source traced"
20010104,unknown,"Mathematics permeates human civilisation"
20010104,unknown,"Bangla Oppn leader issues 'fatwa' against judges"
20010104,unknown,"Bangladesh govt asks for Hamoodur Rahman report"
20010104,unknown,"Bangladesh 'scrutinising' citizen's death in US embassy"
20010104,unknown,"Claire Danes inks to star in 'It's About Love'"
20010104,unknown,"Hollywood posts record 9th year of box office gains"
20010104,unknown,"Akashdeep: Ghaath Ka Saath!"
20010104,unknown,"Great loss to Indian racing"
20010104,unknown,"The saga of Usha Stud Farm"
20010104,unknown,"Red Radior wins Victory Zone Cup"
20010104,unknown,"Race put off"
20010104,unknown,"Cyril sends Byron Black packing"
20010104,unknown,"Dent has the fastest serve in Chennai meet"
20010104,unknown,"Basu gives call to stop infighting"
20010104,unknown,"Violence mar Mamata's meeting in Midnapore"
20010104,unknown,"The string that pulled Stephen Hawking to India"
20010104,unknown,"Norms for private role in banking tightened"
20010104,unknown,"Net lottery: A winner or a sucker?"
20010104,unknown,"Us and the PM's Musings"
20010104,unknown,"Milosevic to be charged with 'abuse of office'"
20010104,unknown,"Tabu: Bar Bar Dekho"
20010104,unknown,"Anupam Kher: Sliver Spoon!"
20010104,unknown,"Court reserves judgment on custody of Ilyasi's daughter"
20010104,unknown,"A museum far from the madding crowds"
20010104,unknown,"Bangla Oppn leader issues 'fatwa' against judges"
20010104,unknown,"Court reserves judgment on custody of Ilyasi's daughter"
20010104,unknown,"String theory set to become one of hottest pieces of physics"
20010104,unknown,"Hawking set to inspire science glitterati"
20010104,unknown,"Mission for technology education; more funds for R&D"
20010104,unknown,"Mission for technology education; more funds for R&D"
20010104,unknown,"Mental illness can pass from parent to child"
20010104,unknown,"Cholera outbreak source traced"
20010104,unknown,"Mathematics permeates human civilisation"
20010104,unknown,"The string that pulled Stephen Hawking to India"
20010104,unknown,"Vajpayee gives big push to tech education; R&D"
20010104,unknown,"Norms for private role in banking tightened"
20010104,unknown,"A Maha Kumbh of media players"
20010104,unknown,"Net lottery: A winner or a sucker?"
20010104,unknown,"Us and the PM's Musings"
20010104,unknown,"Milosevic to be charged with 'abuse of office'"
20010104,unknown,"Tabu: Bar Bar Dekho"
20010104,unknown,"Anupam Kher: Sliver Spoon!"
20010104,unknown,"Aftab Shivdasani: Career Cares!"
20010104,unknown,"Court reserves judgment on custody of Ilyasi's daughter"
20010104,unknown,"A museum far from the madding crowds"
20010104,unknown,"Four more Iranians admit to role in serial murders"
20010104,unknown,"Bangla Oppn leader issues 'fatwa' against judges"
20010104,unknown,"String theory set to become one of hottest pieces of physics"
20010104,unknown,"Hawking set to inspire science glitterati"
20010104,unknown,"Mission for technology education; more funds for R&D"
20010104,unknown,"Mental illness can pass from parent to child"
20010104,unknown,"Cholera outbreak source traced"
20010104,unknown,"Mathematics permeates human civilisation"
20010104,unknown,"Bangla Oppn leader issues 'fatwa' against judges"
20010104,unknown,"Bangladesh govt asks for Hamoodur Rahman report"
20010104,unknown,"Bangladesh 'scrutinising' citizen's death in US embassy"
20010104,unknown,"Hollywood posts record 9th year of box office gains"
20010104,unknown,"Great loss to Indian racing"
20010104,unknown,"The saga of Usha Stud Farm"
20010104,unknown,"Red Radior wins Victory Zone Cup"
20010104,unknown,"Race put off"
20010104,unknown,"Basu gives call to stop infighting"
20010104,unknown,"Violence mar Mamata's meeting in Midnapore"
20010104,unknown,"CPT to have new pilot system by Jan 15"
20010104,unknown,"Film industry concerned about piracy"
20010104,unknown,"City drainage system being modernised"
20010104,unknown,"Keeping the Gandhian dream alive"
20010104,unknown,"An archaeologist par excellence"
20010104,unknown,"Education body overshoots self-imposed deadline"
20010104,unknown,"PIL urges to seek flood relief from UN"
20010104,unknown,"Sen urges country to exploit its tourism potential"
20010104,unknown,"CMC to issue notice to builder"
20010104,unknown,"World govt touted as solution to crises"
20010104,unknown,"ASI team digs up part of Fatehpur Sikri"
20010104,unknown,"Lara joins elite club"
20010104,unknown,"Cullinan hits fourth Newlands hundred"
20010104,unknown,"Cronje case behind low cricket match attendance"
20010104,unknown,"Indian refusal cost PCB 2.4 cr"
20010104,unknown,"Das ready to face the short-pitch stuff"
20010104,unknown,"Haldipur; Lahiri in good stand"
20010104,unknown,"DU North Zone inter-varsity cricket champions"
20010104,unknown,"Kolkata gears up for Millennium Cup"
20010104,unknown,"Right choice is the key; says Iranian coach"
20010104,unknown,"Rajasthan lose lead and match"
20010104,unknown,"Hockey hopes rest on flowerin talent"
20010104,unknown,"Anand may get Padmabhushan"
20010104,unknown,"Emotion-choked Chennai showers love on Anand"
20010104,unknown,"Close battle for Mahindra Golfer; 2001"
20010104,unknown,"Indian Blues off to a good start"
20010104,unknown,"Ramgarh beat Royal Kashmir in Hanut Cup polo"
20010104,unknown,"Anand may get Padmabhushan"
20010104,unknown,"Cullinan hits fourth Newlands hundred"
20010104,unknown,"Ex-mayor takes up cudgels against Kothrud garbage depot"
20010104,unknown,"India is no IT superpower"
20010104,unknown,"A clean sweep"
20010104,unknown,"The Sphinx can act too"
20010104,unknown,"Giving audio-video education a cutting edge"
20010104,unknown,"Govt orders study of river diversion"
20010104,unknown,"Govt bears burden as VIPs throng Goa"
20010104,unknown,"Goa told to start quick-growth coconut project"
20010104,unknown,"Experts discuss horticulture development"
20010104,unknown,"5 acquitted in trespassing case"
20010104,unknown,"Development of horticulture stressed"
20010104,unknown,"New office-bearers for ICSI"
20010104,unknown,"CM to review security for Premji; Murthy"
20010104,unknown,"Govt allots UKP project to KPC"
20010104,unknown,"Star hotels in city get tech-savvy"
20010104,unknown,"When principals wed"
20010104,unknown,"Misbehaving conductors face action"
20010104,unknown,"Pubs are on the watch for violence"
20010104,unknown,"Celestial show awaits aircraft lovers"
20010104,unknown,"Kannada organisations oppose felicitating Nedumaran"
20010104,unknown,"Civic polls: Minister refutes BJP charges"
20010104,unknown,"Oh; for that black & white magic!"
20010104,unknown,"No clue about kidnapped boy"
20010104,unknown,"New year hash: They paid Rs 18;000; went hungry"
20010104,unknown,"5;000 anganwadis to get buildings"
20010104,unknown,"Cops shoot at sandalwood smugglers; nab one"
20010104,unknown,"Tribute-paying ritual for Patel today"
20010104,unknown,"A life snuffed out needlessly"
20010104,unknown,"PM arriving on a 2-day visit"
20010104,unknown,"Make mysterious kidnap drama secret public"
20010104,unknown,"Pollution makes these residents see red"
20010104,unknown,"Behind the walls; it's celebration time"
20010104,unknown,"Corporate cricket has lot of scope"
20010104,unknown,"An art gallery for the underprivileged"
20010104,unknown,"Annual Infant Jesus feast from Jan 14"
20010104,unknown,"Ex-Karnataka HC judge visits Bahrain"
20010104,india,"Dudhwa tiger died of starvation; not poisoning"
20010104,city.bengaluru,"Three in race for chief secy's post"
20010104,city.patna,"Druggists' stir leads to shortage of medicines"
20010104,business.india-business,"Car dealers caught in Bihar sales tax ruling"
20010104,entertainment.english.hollywood,"Space Cowboys"
20010104,city.bengaluru,"He's not so inscrutable"
20010104,city.delhi,"DPCC stages Nyay rally"
20010104,entertainment.english.hollywood,"Unbreakable"
20010105,unknown,"Light combat craft takes India into club class"
20010105,unknown,"Hawkings' day out"
20010105,unknown,"Light combat craft takes India into club class"
20010105,unknown,"Easy drugs at raves keep Goa hot on tourist circuit"
20010315,unknown,"Tehelka expose a boon for Laloo"
20010315,unknown,"Tehelka zindabad; but what is dot com"
20010315,unknown,"Laloo on the offensive; again"
20010316,unknown,"Tape and Tell"
20010317,entertainment.english.hollywood,"Crouching Tiger; Hidden Dragon"
20010425,unknown,"Clear stand on Pakistan or else: BCCI to govt"
20010425,unknown,"Born again: Antony discovers new economy"
20010425,unknown,"Hindus at snooty end of class divide"
20010425,unknown,"India opts for Frankenfoods; while world desists"
20010425,unknown,"Unwed parents romantically involved than expected"
20010425,unknown,"Abhishek Bachchan: Mama's pet!"
20010425,unknown,"Akshay & Twinkle: Jodi No.1"
20010425,unknown,"Yeh Tera Ghar Yeh Mera Ghar: Aur Ek Ghar!"
20010425,unknown,"Kim Sharma: From the Frying 'Paan'!"
20010425,unknown,"Abhishek Bachchan: Mama's pet!"
20010425,unknown,"Yeh Tera Ghar Yeh Mera Ghar: Aur Ek Ghar!"
20010425,unknown,"Governor urges people to save heritage sites"
20010425,unknown,"A children's home that adheres to rules"
20010425,unknown,"Govt draws flak over rice procurement"
20010425,unknown,"Signal Service"
20010425,unknown,"Pulling the Plug"
20010425,unknown,"Yen for Dogdom"
20010425,unknown,"Without My Daughter"
20010425,unknown,"Nataraja's Dance: Science & Intuition"
20010425,unknown,"Winning Suit"
20010425,unknown,"Boom Time for Biotech"
20010425,unknown,"Straight Answers"
20010425,unknown,"HC vindicates govt in power rebate case"
20010425,unknown,"Mangoes become delight of the elite"
20010425,unknown,"Cong hails court decision"
20010425,unknown,"Study suggests delimitation of sanctuaries"
20010425,unknown,"Count of people below poverty line not a priority"
20010425,unknown,"Teachers post yet to be filled up"
20010425,unknown,"HLL net up; board approves merger"
20010425,unknown,"All players resist IFCI; IDBI merger"
20010425,unknown,"Car sales dip 11% in March"
20010425,unknown,"Will Prasar Bharati listen to HFCL-Nine"
20010425,unknown,"Rs 1;600 cr WB aid for roads in Karnataka"
20010425,unknown,"Gandhi's homespun fabric goes in for a makeover"
20010425,unknown,"Gloom forecaster Carly promises India growth;jobs"
20010425,unknown,"Fanning the consumer revolution"
20010425,unknown,"Gloom forecaster Carly promises India growth;jobs"
20010425,unknown,"India has no reasons to worry: Chugh"
20010426,unknown,"I-T department files hawala report; names Advani; Sinha"
20010426,unknown,"Sinha offers new deal to tax payers"
20010426,unknown,"Uma hits out at cricket board"
20010426,unknown,"Wipro's Premji bullish despite slowdown"
20010426,unknown,"Jaya makes an emotional pitch to voters"
20010426,unknown,"Bangladesh Blunder"
20010426,unknown,"Smoke Screen"
20010426,unknown,"Funny Films"
20010426,unknown,"Tamil Politics"
20010426,unknown,"Happiness is Peace Between Neighbours"
20010426,unknown,"Radio-activity"
20010426,unknown,"War and Peace"
20010426,unknown,"All-England's Not Enough"
20010426,unknown,"Straight Answers"
20010426,unknown,"Get proactive on paddy issue says CM"
20010426,unknown,"Warangal bandh evokes lukewarm response"
20010426,unknown,"Simhachalam temple spruced up for Chandanotsavam"
20010426,unknown,"BJP to stage rallies against VMC misdeeds"
20010426,unknown,"AP; Karnataka police to work in tandem"
20010426,unknown,"Police repulse naxal attack"
20010426,unknown,"Tiger census begins"
20010426,unknown,"First batch of astrology grads set to hit the market"
20010426,unknown,"Azim Premji: The brain behind Wipro's winning streak"
20010426,unknown,"Vijayawada mayor should step down: CPM"
20010426,unknown,"INS Darshak to be commissioned on Sunday"
20010426,unknown,"Court order on GCA president tomorrow"
20010426,unknown,"Ticketgate: Govt told to set up probe panel"
20010426,unknown,"Swiss envoy to call on CM today"
20010426,unknown,"Dance festival from tomorrow"
20010426,unknown,"Taiwanese President meets Ang Lee"
20010426,unknown,"Adnan Sami: Welcome to tinsel town!"
20010426,unknown,"Govinda: Kin(d) gestures!"
20010426,unknown,"Jimmy Shergill: Marriage bliss!"
20010426,unknown,"Ashutosh Rana: A peace of his mind!"
20010426,unknown,"Beauty queen is now building brands"
20010426,unknown,"Adnan Sami: Welcome to tinsel town!"
20010426,unknown,"Govinda: Kin(d) gestures!"
20010426,unknown,"Jimmy Shergill: Marriage bliss!"
20010426,unknown,"Nehru Cup hockey"
20010426,unknown,"Sachin spends birthday in Bali"
20010426,unknown,"Tamil Politics"
20010426,unknown,"All-England's Not Enough"
20010427,unknown,"Hurriyat puts a price on peace: No Pak; no talks"
20010427,unknown,"Enron ready to pull out; but lenders say wait"
20010427,unknown,"54 children rescued in Andhra adoption racket bust"
20010427,unknown,"Bangladesh blames BSF; seeks end to border row"
20010427,unknown,"Shyamalan shows more 'Signs' of success"
20010427,unknown,"Success in the times of a tech meltdown"
20010427,unknown,"Shyamalan shows more 'Signs' of success"
20010427,unknown,"Not Apna Budget"
20010427,unknown,"Grains of Wrath"
20010427,unknown,"Certified Purohits"
20010427,unknown,"Tehri Infirma"
20010427,unknown,"Shankara: Scholar; Teacher & Redeemer"
20010427,unknown,"The Bushman"
20010427,unknown,"Money & Governance"
20010427,unknown,"Age No Bar"
20010427,unknown,"Straight Answers"
20010427,unknown,"Shyamalan shows more 'Signs' of success"
20010427,unknown,"Sunil Shetty: Bagfull of films!"
20010427,unknown,"Sanjay Gupta: Hollywood freak!"
20010427,unknown,"Jackie Schroff: Hooked to net!"
20010427,unknown,"Tinsel Ville: Beat the heat!"
20010427,unknown,"Cong urges Sonia to take up Telangana issue"
20010427,unknown,"Deputy speaker not to quit TDP"
20010427,unknown,"State govt seeks details of Central funding to NGOs"
20010427,unknown,"Adoption authority team visits agencies in city"
20010427,unknown,"80 IAS; IFS officers to supervise Janmabhoomi programme implementation"
20010427,unknown,"Another weaver commits suicide"
20010427,unknown,"61 kids from Precious Moments shifted to Shishu Vihar"
20010427,unknown,"Left parties to stage rasta roko on April 28"
20010427,unknown,"CM pulls up S Aruna"
20010427,unknown,"Consultant says corrupt judges have no immunity"
20010427,unknown,"NGOs warned against misusing Christian names"
20010427,unknown,"Blacklist contractors failing to complete work on time: CM"
20010427,unknown,"Bharat Thakur to conduct workshop on meditation"
20010427,unknown,"Artillery Centre accords warm welcome to Lt Gen Sampat Kumar"
20010427,entertainment.hindi.bollywood,"Pyaar Tune Kya Kiya"
20010428,unknown,"Morality not one-sided: PM tells Cong"
20010428,unknown,"Sonia Gandhi ko gussa kyon aata hai?"
20010428,unknown,"Singh out of PMO; reshuffle on the cards"
20010428,unknown,"Now; Indian teachers may dominate the H1B crowd"
20010428,unknown,"Rogue General theory has few takers in Bangladesh"
20010428,unknown,"A temblor from ancient Indian treasure trove?"
20010428,unknown,"Rani Mukherjee: Sorry Mani; it's not about money"
20010428,unknown,"Aditya Rai: With just a little help from my sis"
20010428,unknown,"Ramgopal Verma: Third time lucky?"
20010428,unknown,"Mahesh Manjrekar: The man behind the gimmicks"
20010428,unknown,"Mine is an honorary post: Amala"
20010428,unknown,"Cong has become a laughing stock: Venkaiah"
20010428,unknown,"Now; BCC suffers from withdrawal symptoms"
20010428,unknown,"Many strings to his music"
20010428,unknown,"Vehicle thefts on the rise in B'lore"
20010428,unknown,"Film corporation in bad shape"
20010428,unknown,"Dial V; get connected to remote villages"
20010428,unknown,"Rock around the clock"
20010428,unknown,"Silly little stumbling blocks"
20010428,unknown,"Marriage still a battle for epilepsy patients"
20010428,unknown,"B'lore firms keen on ethics code for employees"
20010428,unknown,"Pavement here today; gone tomorrow"
20010428,unknown,"BCC panel to get fresh lease of life"
20010428,unknown,"B'lore varsity fails to stick to exam manual"
20010428,unknown,"Krishna to campaign in Kerala"
20010428,unknown,"Bangalore Customs exceeds revenue target"
20010428,unknown,"Garbage disposals during night and evening: BCC"
20010428,unknown,"Whitefield residents walk on tightrope!"
20010428,unknown,"Police can video-conference now"
20010428,unknown,"Constable posed as PRO to lure jobless youth"
20010428,unknown,"Ex-deputy mayor of Mysore in limelight"
20010428,unknown,"Engineer caught taking bribe"
20010428,unknown,"Political parties make a beeline for voters"
20010428,unknown,"Frenzied activity in political circles"
20010429,unknown,"I-T department's googly traps BCCI"
20010429,unknown,"Memories of the Mahatma a burden for us?"
20010429,unknown,"The road not taken"
20010429,unknown,"CBI chief to retire; but where is his successor?"
20010429,unknown,"Cellular doyens plead their case with PM"
20010429,unknown,"There's a serial killer on the Net"
20010429,unknown,"'Chamma Chamma' charms Nicole Kidman"
20010429,unknown,"We; the people or woe; the people?"
20010429,unknown,"Govinda: the king of mass entertainment"
20010429,unknown,"Biwi No. 1"
20010429,unknown,"Cyber Babu"
20010429,unknown,"Has Bhatt become a bore"
20010429,unknown,"Arjun and the Goda"
20010429,unknown,"'I'm in the mood for vengeance'"
20010429,unknown,"A big leap"
20010429,unknown,"Weaving fantasies"
20010429,unknown,"I have stories to tell"
20010429,unknown,"On auto pilot"
20010429,unknown,"Portrait of an artist"
20010429,unknown,"Architects must be like teachers"
20010429,unknown,"Young composers hesitate to correct me"
20010429,unknown,"From Sanjay to Sonia"
20010429,unknown,"Rebel without a pause"
20010429,unknown,"Give Brokers A Break"
20010429,unknown,"Straight Answers"
20010429,unknown,"The Bandh Wagon"
20010429,unknown,"Misarranged marriage"
20010429,unknown,"Advantage BCCI"
20010429,unknown,"India's Missing Women"
20010429,unknown,"Sankara & Ramanuja: Meaning and Being"
20010429,unknown,"Harappan Lore"
20010429,unknown,"Sri Sankara Jayanti"
20010429,unknown,"A 'Close-Up' of Hrithik Roshan"
20010429,unknown,"Raveena Tandon: On 'knotty' duties!"
20010429,unknown,"Puru Rajkumar: The word is 'mum'!"
20010429,unknown,"Amar Upadhyay: Exploring cyberspace!"
20010429,unknown,"Producer willing to accept 'Sadhane' award"
20010429,only-in-america,"The Road Not Taken"
20010501,unknown,"India unhappy with US leaving out Lashkar from list"
20010501,unknown,"V P Singh's to blame; Joshi tells Ayodhya panel"
20010501,unknown,"Trinamul wanted armed help to combat CPM; says PWG"
20010501,unknown,"No yarns; only stories of misery for Andhra weavers"
20010501,unknown,"Cong prowling around to buy BJP MLAs"
20010501,unknown,"Court notices CM; minister over contempt"
20010501,unknown,"MGP president resigns"
20010501,unknown,"It's manual work despite computerisation"
20010501,unknown,"Housewife murdered in Margao"
20010501,unknown,"Insurance Act: Company head must be included"
20010501,unknown,"Margoa councillors to get Rs 2 lakh each for development"
20010501,unknown,"Still Backwaters"
20010501,unknown,"Cyborg Genesis"
20010501,unknown,"Succulent Summer"
20010501,unknown,"The Forgotten Scam"
20010501,unknown,"Guru Darshan: A Teaching Event"
20010501,unknown,"Match Industry"
20010501,unknown,"Know More"
20010501,unknown,"Fare Thee Well"
20010501,unknown,"Straight Answers"
20010501,unknown,"One role; many dimensions"
20010501,unknown,"Anil Kapoor: Making 'bakras'!"
20010501,unknown,"Tara bags best actress award"
20010501,unknown,"Govinda-Sanjay Dutt: Easy money!"
20010501,unknown,"Akshay Kumar: Signing Amitabh saves time and money!"
20010501,unknown,"An induced heart attack saved his life"
20010501,unknown,"Students pay the price for college's mistake"
20010501,unknown,"Govt willing for CBI probe into adoption home case"
20010501,unknown,"His passion for golf will stump you"
20010501,unknown,"At 70; Krishna still feels young"
20010501,unknown,"Roadathon: Tracking the truck's progress"
20010501,unknown,"7 Bangloreans killed in TN accident"
20010501,unknown,"Here's a school built on a vision"
20010501,unknown,"One role; many dimensions"
20010501,unknown,"A dogged fight"
20010501,unknown,"No stereotyping for these multi-skilled women"
20010501,unknown,"Will the 'dead water' of Ulsoor Lake ever spring to life?"
20010501,unknown,"An induced heart attack saved his life"
20010501,unknown,"Tara bags best actress award"
20010501,unknown,"US consulate introduces new visa scheme"
20010501,unknown,"Sai Baba hospital: A refuge to millions"
20010502,unknown,"India unhappy with US leaving out Lashkar from list"
20010502,unknown,"V P Singh's to blame; Joshi tells Ayodhya panel"
20010502,unknown,"Trinamul wanted armed help to combat CPM; says PWG"
20010502,unknown,"No yarns; only stories of misery for Andhra weavers"
20010502,unknown,"Cong prowling around to buy BJP MLAs"
20010502,unknown,"Court notices CM; minister over contempt"
20010502,unknown,"MGP president resigns"
20010502,unknown,"It's manual work despite computerisation"
20010502,unknown,"Housewife murdered in Margao"
20010502,unknown,"Insurance Act: Company head must be included"
20010502,unknown,"Margoa councillors to get Rs 2 lakh each for development"
20010502,unknown,"'West Wing' creator charged"
20010502,unknown,"Still Backwaters"
20010502,unknown,"Cyborg Genesis"
20010502,unknown,"Succulent Summer"
20010502,unknown,"The Forgotten Scam"
20010502,unknown,"Guru Darshan: A Teaching Event"
20010502,unknown,"Match Industry"
20010502,unknown,"Know More"
20010502,unknown,"Fare Thee Well"
20010502,unknown,"Straight Answers"
20010502,unknown,"One role; many dimensions"
20010502,unknown,"Anil Kapoor: Making 'bakras'!"
20010502,unknown,"Tara bags best actress award"
20010502,unknown,"Govinda-Sanjay Dutt: Easy money!"
20010502,unknown,"Akshay Kumar: Signing Amitabh saves time and money!"
20010502,unknown,"Vashu Bhagnani: No music please!"
20010502,unknown,"An induced heart attack saved his life"
20010502,unknown,"Students pay the price for college's mistake"
20010502,unknown,"Govt willing for CBI probe into adoption home case"
20010502,unknown,"His passion for golf will stump you"
20010502,unknown,"At 70; Krishna still feels young"
20010502,unknown,"Roadathon: Tracking the truck's progress"
20010502,unknown,"7 Bangloreans killed in TN accident"
20010502,unknown,"Here's a school built on a vision"
20010502,unknown,"One role; many dimensions"
20010502,unknown,"Priya Rajan Bala"
20010502,unknown,"No stereotyping for these multi-skilled women"
20010502,unknown,"Debts claim another farmer's life"
20010502,unknown,"Will the 'dead water' of Ulsoor Lake ever spring to life?"
20010502,unknown,"An induced heart attack saved his life"
20010502,unknown,"Tara bags best actress award"
20010502,unknown,"US consulate introduces new visa scheme"
20010503,unknown,"Bush sending envoy to argue NMD case"
20010503,unknown,"Bush sending envoy to argue NMD case"
20010503,unknown,"Bush takes one more woman on South Asia team"
20010503,unknown,"Vajpayee sups with Advani; seeks truce"
20010503,unknown,"Most BALCO unions agree to resume work"
20010503,unknown,"Bush sending envoy to argue NMD case"
20010503,unknown,"Bush takes one more woman on South Asia team"
20010503,unknown,"Vajpayee sups with Advani; seeks truce"
20010503,unknown,"Most BALCO unions agree to resume work"
20010503,unknown,"Free flies the Tricolour; at last"
20010503,unknown,"Streets to get Smart with New Beetles"
20010503,unknown,"'Ji Mantriji' is serious business for BBC"
20010503,unknown,"Bryan hopes to feel Bangalore summer"
20010503,unknown,"Amitabh Bachchan: Star Plus success!"
20010503,unknown,"Bikram Saluja: Blow the candle; make a wish!"
20010503,unknown,"Heavens; it's not Science"
20010503,unknown,"Straight Answers"
20010503,unknown,"'Ji Mantriji' is serious business for BBC"
20010503,unknown,"Amitabh Bachchan: Star Plus success!"
20010503,unknown,"Bryan hopes to feel Bangalore summer"
20010503,unknown,"Bikram Saluja: Blow the candle; make a wish!"
20010503,unknown,"Kareena Kapoor: Dreaded discipline!"
20010503,unknown,"Rani Mukherjee: O my darling; O my darling!"
20010503,unknown,"Learning to Grow"
20010503,unknown,"Tito's Trek"
20010503,unknown,"Cook's Tikka"
20010503,unknown,"Let Enron Exit"
20010503,unknown,"Children's Day"
20010503,unknown,"Staying Cool"
20010503,unknown,"Global campaign to improve the lot of children"
20010503,unknown,"Rites of Passage"
20010503,unknown,"Stewards crack down on erring jockeys"
20010503,unknown,"Parents must change their attitude: Psychiatrist"
20010503,unknown,"Let Enron Exit"
20010504,unknown,"BDR offers a tortuous defence"
20010504,unknown,"India giving up its global nanny role; say experts"
20010504,unknown,"Govinda gets 'court ka jhatka' over Mirinda ad"
20010504,unknown,"US Hindus take on McDonald's over French fries"
20010504,unknown,"Bush Fire"
20010504,unknown,"Ranjan's Revenge"
20010504,unknown,"Alliterative Politics"
20010504,unknown,"Two to Tango"
20010504,unknown,"Speaking of Shiva Soul and Salvation"
20010504,unknown,"Banarasi Babu"
20010504,unknown,"I and Mine"
20010504,unknown,"Leading from the Front"
20010504,unknown,"Straight Answers"
20010504,unknown,"Paagalpan: Youthful; romantic; and fresh!"
20010504,unknown,"Raveena Tandon has a blast!"
20010504,unknown,"No more 'sapnays' for Rajiv Menon"
20010504,unknown,"Film City Studios renamed!"
20010504,unknown,"Dance is a full-fledged profession for them"
20010504,unknown,"Pasta-pizza habit the perfect sure-starter for Squillari"
20010504,unknown,"Chand Khanna are the champions"
20010504,unknown,"Shabbir Ali to take charge of Bhratri"
20010504,unknown,"Chinese Taipei; India share day one honours"
20010504,unknown,"Drought takes Govt by surprise. Again."
20010504,unknown,"Home ministry set for major reshuffle"
20010504,unknown,"How two babudoms ruined the fate of lakhs of depositors"
20010504,unknown,"Its never say die for N K Singh?"
20010504,unknown,"When govt moved at speed of thought"
20010504,unknown,"Railways inefficient landlord; says panel"
20010504,unknown,"Discover India by Rail"
20010504,unknown,"House panel peeved with Maneka's ministry"
20010504,unknown,"Posts goes e-wire with money orders"
20010504,unknown,"Conventional sweep at non-conventional way"
20010505,unknown,"May Day Globaloney"
20010505,unknown,"Proceedings dropped against 21 in Ayodhya case"
20010505,unknown,"US dangles military cooperation carrot to India"
20010505,unknown,"US voted off UN human rights panel; Pakistan in"
20010505,unknown,"If stars are right; Amma shall smile"
20010505,unknown,"May Day Globaloney"
20010505,unknown,"Wasteminister Model"
20010505,unknown,"Formula Film"
20010505,unknown,"Ethics of Expose"
20010505,unknown,"Know & Integrate Your Many Faces"
20010505,unknown,"Brunner's Canvas"
20010505,unknown,"Clear and Present"
20010505,unknown,"Kremlin Calling"
20010505,unknown,"Straight Answers"
20010505,unknown,"No phone; yet a hefty bill!"
20010505,unknown,"Cricketgate: Hearing posted to May 8"
20010505,unknown,"Drive on to streamline traffic in Margao"
20010505,unknown,"Regional parties will thrive"
20010505,unknown,"Two more thefts in state"
20010505,unknown,"New kerosene prices"
20010505,unknown,"Deendar leaders knew of subversive activities"
20010505,unknown,"Helpline started at Sishu Vihar for anxious parents"
20010505,unknown,"Cops dread doctors in morgues"
20010505,unknown,"Distress sale of mangoes in Vijayawada market"
20010505,unknown,"Lax officials deny girl reunion with family"
20010505,unknown,"Govt to hand over Rs 15-cr to Gujarat quake victims"
20010505,unknown,"DYFI happy over hospital shifting"
20010505,unknown,"CPM chides TRS chief"
20010505,unknown,"JAC hails CM's gesture"
20010505,unknown,"Caribbean shores beckon medical students"
20010505,unknown,"Octroi withdrawal may hit local bodies"
20010505,unknown,"IAF holds Commanders' Conference"
20010505,unknown,"PIL against govt on Madhavpura bank issue"
20010505,unknown,"90;000 MSU marksheets had a spelling mistake!"
20010505,unknown,"Another sandalwood tree felled on MSU campus"
20010505,unknown,"Another case of CAS violation on MSU campus"
20010505,unknown,"Petrol becomes cheaper; diesel dearer"
20010505,unknown,"Probe ordered into death of sparrows"
20010505,unknown,"VMC told to clean up Sindhusagar lake"
20010505,unknown,"Study trips for women corporators draws flak"
20010505,unknown,"Need for public toilets stressed"
20010505,unknown,"Former Nadiad municipal councillor dead"
20010505,unknown,"Ethics of Expose"
20010506,unknown,"Why India shouldn't have bought the NMD"
20010506,unknown,"Sex; drugs; rock 'n' roll and NMD"
20010506,unknown,"Cowboy capers of the Dubya kind"
20010506,unknown,"Indian beauty behind Christie's-Sotheby's divorce"
20010506,unknown,"Desi netizens go bananas over alphonsos"
20010506,unknown,"A tale of two auction houses"
20010506,unknown,"You can find a sea of fish here"
20010506,unknown,"Power scam: Ex-minister grilled"
20010506,unknown,"Paulo Travels to run Hyderabad bus"
20010506,unknown,"Bribery case: Bail for Khemlo rejected"
20010506,unknown,"Usage of Portugese in post-offices opposed"
20010506,unknown,"Kremlin Calling"
20010506,unknown,"Straight Answers"
20010506,unknown,"Search still on for wicketkeeper: Ganguly"
20010506,unknown,"Muralitharan spins Lancashire to victory"
20010506,unknown,"Indian Airlines cricket cup"
20010506,unknown,"Injured Dhanraj to miss World Cup qualifiers"
20010506,unknown,"Search still on for wicketkeeper: Ganguly"
20010506,unknown,"Dokic to play Venus after defeating Sanchez-Vicario"
20010506,only-in-america,"Sex; drugs; rock 'n' roll and NMD"
20010507,unknown,"Fardeen Khan remanded to NCB custody till May 18"
20010507,unknown,"ISI plot to kill Tehelka chief; editor foiled"
20010507,unknown,"These wars are fought in air-conditioned rooms"
20010507,unknown,"MGR is god; say villagers"
20010507,unknown,"Karunanidhi still has to fight MGR here"
20010507,unknown,"Manisha Koirala: Stripping for a cause?"
20010507,unknown,"Aamir wants to play chess with Vishwanathan Anand"
20010507,unknown,"Songs and more songs from Sunita Rao"
20010507,unknown,"Eighteen Till I Die"
20010507,unknown,"Songs and more songs from Sunita Rao"
20010507,unknown,"Sonam: A glowing silence!"
20010507,unknown,"Political storm brewing in state"
20010507,unknown,"Mango prices come down"
20010507,unknown,"Firm told to settle demands of staff"
20010507,unknown,"Car driver responsible for accident: CM"
20010507,unknown,"Man held for killing sister"
20010507,unknown,"Business as usual at Anjuman - minus Deendar"
20010507,unknown,"More drama at Sishu Vihar"
20010507,unknown,"Minister urges YSR not to provoke farmers"
20010507,unknown,"Govt to announce welfare package for Telangana"
20010507,unknown,"Poor response to rainwater harvesting"
20010507,unknown,"MIM blames HUDA for 'encroaching' wakf land"
20010507,unknown,"HUDA to work on expressway from August"
20010507,unknown,"Power lines to be replaced in profitable areas"
20010507,unknown,"The Cutting Edge"
20010507,unknown,"Boost for BJP"
20010507,unknown,"Grounding the UFOs"
20010507,unknown,"Cold War Comeback"
20010507,unknown,"The Buddha as an Avatar of Vishnu"
20010507,unknown,"Hear; Hear"
20010507,unknown,"So Ignorant"
20010507,unknown,"Bangladeshi Jamaat"
20010507,unknown,"Straight Answers"
20010507,unknown,"Flourspar project faces permanent closure"
20010507,unknown,"Court rules in favour of MSU"
20010507,unknown,"MSU professor honoured for work in geology"
20010507,unknown,"Lack of operational discipline worries WREB"
20010507,unknown,"Might is right on these roads"
20010507,unknown,"Lack of irrigation taking toll on crops"
20010507,unknown,"Welcome change in Barodians' attitude to trees"
20010507,unknown,"How many people know of Ramesh Parikh's past?"
20010507,unknown,"Left Front leaders start smiling again"
20010507,unknown,"Turnout to decide Tamil Nadu tossup"
20010508,unknown,"Plot to kill Tejpal part of larger conspiracy: PM"
20010508,unknown,"Did govt want Hindujas to represent it?"
20010508,unknown,"Games leaders play: Why PM said YES to Uma's NO"
20010508,unknown,"Daler's album insults Islam; say Muslim groups"
20010508,unknown,"India can aim for the moon now"
20010508,unknown,"Straight Answers"
20010508,unknown,"Smart cards for govt employees soon"
20010508,unknown,"Fissures enter service industry"
20010508,unknown,"GCA seeks 45 days to submit audits"
20010508,unknown,"Goans wake up to ill-treatment of animals"
20010508,unknown,"'Red alert' on potholes"
20010508,unknown,"CM submits breach of privilege notice to citizen"
20010508,unknown,"Another robbery case in Margao; Rs 4.27 lakh looted"
20010508,unknown,"Work at Sesa plant begins today"
20010508,unknown,"Panel to hold convention on May 28; 29"
20010508,unknown,"Doubts about Didi"
20010508,unknown,"The Mouse Map"
20010508,unknown,"Laloo's Pitch"
20010508,unknown,"Big on Symbolism"
20010508,unknown,"Jainology Prefigured Postmodern Thought"
20010508,unknown,"General Exceptions"
20010508,unknown,"A Life of My Own"
20010508,unknown,"Logo Brouhaha"
20010508,unknown,"CM's deadline up; but cable mess remains"
20010508,unknown,"Adoption racket: State open to CBI probe"
20010508,unknown,"Raj kidnap: Unkept promises irk Tamils"
20010508,unknown,"Beauty and the tooth"
20010508,unknown,"Polls not a referendum on NDA govt: Advani"
20010508,unknown,"Bellary fiasco shocks Sonia"
20010508,unknown,"It's time for cladestine ties and trading"
20010508,unknown,"These eateries make you lose your appetite"
20010508,unknown,"Under pressure to excel"
20010508,unknown,"Admissions on the basis of merit"
20010508,unknown,"75-year-old woman done to death in B'lore"
20010508,unknown,"Got to mind your phone manners"
20010508,unknown,"BJP postmortem today"
20010508,unknown,"Night power for farmers begins on trial basis"
20010508,unknown,"Reservation norms for civic body heads soon"
20010509,unknown,"Fresh arrest warrants against Laloo; Mishra"
20010509,unknown,"Free as a fugitive in lawless Bihar"
20010509,unknown,"Hindujas were used in national interest"
20010509,unknown,"India should bargain for support to NMD"
20010509,unknown,"Helicopter goes missing in Arunachal"
20010509,unknown,"No work permit for Bangladeshis: Sushma"
20010509,unknown,"Bryan Adams offers mangoes to soothsayer"
20010509,unknown,"Brand Power"
20010509,unknown,"Pervez Playback"
20010509,unknown,"A Suitable Gene"
20010509,unknown,"Uddhava Gita : A Spiritual Beacon"
20010509,unknown,"Summer of Discontent"
20010509,unknown,"Way to Buddhahood"
20010509,unknown,"Families Mean Business"
20010509,unknown,"Straight Answers"
20010509,unknown,"Cong office-bearer gets conditional bail"
20010509,unknown,"Sports city on the anvil"
20010509,unknown,"Blair names June 7 for general polls"
20010509,unknown,"When Bryan Adams took mangoes to a B'lore soothsayer"
20010509,unknown,"This Cong MLC cares a damn for CM"
20010509,unknown,"Recurrent fish deaths force govt to wake up"
20010509,unknown,"What went wrong? BJP ponders"
20010509,unknown,"Travel agency employee murdered in B'lore"
20010509,unknown,"Sonia refuses to meet ministers; party workers"
20010509,unknown,"A masterplan to stop flooding"
20010509,unknown,"All for a song"
20010509,unknown,"Debate on Jaya becoming CM absurd: Advani"
20010509,unknown,"Unauthorised primary schools may be regularised"
20010509,unknown,"Electronic voting can check proxy votes"
20010509,unknown,"'Don't throw the baby out with the bathwater'"
20010509,unknown,"New device helps identify criminals"
20010509,unknown,"Some summer fun"
20010509,unknown,"A Suitable Gene"
20010509,entertainment.english.hollywood,"FINDING FORRESTER"
20010510,unknown,"65% turnout in Assembly polls; repoll ordered in 75 polling stations"
20010510,unknown,"Army plays wargames; but discounts N-attack"
20010510,unknown,"FDI in defence opens up Pandora's box"
20010510,unknown,"Pact to pave way for Quattrochi extradition"
20010510,unknown,"Fardeen Khan released on bail"
20010510,unknown,"Year-old population panel got just a logo"
20010510,unknown,"A Shameful Hunger"
20010510,unknown,"Defence Inc"
20010510,unknown,"Feared Beard"
20010510,unknown,"Irrational Exuberance"
20010510,unknown,"Spirituality's Vital Role in Counselling"
20010510,unknown,"Tea and Sympathy"
20010510,unknown,"Personal Experience"
20010510,unknown,"Reddy; Steady; Go"
20010510,unknown,"Straight Answers"
20010510,unknown,"Hi-tech hospital to come up by 2002"
20010510,unknown,"Govt action against bank politically motivated"
20010510,unknown,"Zuwarkar's residence; GSCB head office raided"
20010510,unknown,"294 cases of illegal constructions reported"
20010510,unknown,"Exit polls gives AIADMK thin edge"
20010510,unknown,"Jaya still doesn't trust EVMs"
20010510,unknown,"Krishna to take 'Silicon Valley' to US"
20010510,unknown,"Hundreds of schools fail to provide SSLC results"
20010510,unknown,"Dressing the stars of 'Agni Varsha'"
20010510,unknown,"Yogis; techie gurus and fun officers at work here"
20010510,unknown,"2 BCC school girls among SSLC exams toppers"
20010510,unknown,"Adoption: Giving children a second chance"
20010510,unknown,"You can adopt a baby and be a parent too"
20010510,unknown,"A brush with Bryan"
20010510,unknown,"Global tenders invited for NGEF privatisation"
20010510,unknown,"Reliance offshore seismic survey off Karnataka coast soon"
20010510,unknown,"Early diagnosis will help cure thyroid problem"
20010510,unknown,"It's time for wholesome cricket"
20010510,unknown,"Welder with a difference"
20010511,unknown,"65% turnout in Assembly polls; repoll ordered in 75 polling stations"
20010511,unknown,"Army plays wargames; but discounts N-attack"
20010511,unknown,"FDI in defence opens up Pandora's box"
20010511,unknown,"Pact to pave way for Quattrochi extradition"
20010511,unknown,"Fardeen Khan released on bail"
20010511,unknown,"Year-old population panel got just a logo"
20010511,unknown,"A Shameful Hunger"
20010511,unknown,"Defence Inc"
20010511,unknown,"Feared Beard"
20010511,unknown,"Irrational Exuberance"
20010511,unknown,"Spirituality's Vital Role in Counselling"
20010511,unknown,"Tea and Sympathy"
20010511,unknown,"Personal Experience"
20010511,unknown,"Reddy; Steady; Go"
20010511,unknown,"Hi-tech hospital to come up by 2002"
20010511,unknown,"Govt action against bank politically motivated"
20010511,unknown,"Zuwarkar's residence; GSCB head office raided"
20010511,unknown,"294 cases of illegal constructions reported"
20010511,unknown,"Exit polls gives AIADMK thin edge"
20010511,unknown,"Jaya still doesn't trust EVMs"
20010511,unknown,"Krishna to take 'Silicon Valley' to US"
20010511,unknown,"Hundreds of schools fail to provide SSLC results"
20010511,unknown,"Dressing the stars of 'Agni Varsha'"
20010511,unknown,"Yogis; techie gurus and fun officers at work here"
20010511,unknown,"2 BCC school girls among SSLC exams toppers"
20010511,unknown,"Adoption: Giving children a second chance"
20010511,unknown,"You can adopt a baby and be a parent too"
20010511,unknown,"A brush with Bryan"
20010511,unknown,"Global tenders invited for NGEF privatisation"
20010511,unknown,"Reliance offshore seismic survey off Karnataka coast soon"
20010511,unknown,"Early diagnosis will help cure thyroid problem"
20010511,unknown,"It's time for wholesome cricket"
20010511,unknown,"Welder with a difference"
20010511,unknown,"Tie-ups bring foreign medical expertise to B'lore"
20010511,unknown,"A house that can travel with you"
20010511,unknown,"Hair raising tales!"
20010511,unknown,"Swimming pool safety: Check before you dive"
20010511,unknown,"Delay in projects raises CM's hackles"
20010511,unknown,"Animal activists condone killing street dogs"
20010511,unknown,"Richmond flyover trial ends"
20010511,unknown,"MLA criticised for filing litigation"
20010511,unknown,"Judge to query CET Cell director"
20010511,unknown,"River Cauvery favourite theme for filmmakers"
20010512,unknown,"India backs Bush's defence plan"
20010512,unknown,"SC to CBI: What do you want to do with Hindujas?"
20010512,unknown,"Fardeen; anti-drugs lobby's new friend"
20010512,unknown,"Top Indian executive at Nortel steps down"
20010512,unknown,"End polygamy; Muslim woman pleads with SC"
20010512,unknown,"Life becomes miserable for Deendar preachers"
20010512,unknown,"Swaranjit Sen feigns ignorance of wife's activities"
20010512,unknown,"Auto drivers threaten to intensify stir"
20010512,unknown,"Neeru Meeru to be made a people's movement: CM"
20010512,unknown,"Don't keep shuttling to Hyderabad; DCs told"
20010512,unknown,"20 Cong leaders arrested during stir"
20010512,unknown,"Fiddling With FDI"
20010512,unknown,"The Balco Question"
20010512,unknown,"Honest Injun"
20010512,unknown,"Script for Success"
20010512,unknown,"Auroville; the City of Dawn"
20010512,unknown,"Life's Little Games"
20010512,unknown,"Mother Shakti"
20010512,unknown,"Karuna for Jaya"
20010512,unknown,"Straight Answers"
20010512,unknown,"Bomb scare in Lodhi Gardens"
20010512,unknown,"No factory record of cycle used in blast"
20010512,unknown,"Hindujas say CBI plea premature"
20010512,unknown,"Notice to Sushil's former counsel"
20010512,unknown,"HC grants bail to Olga's aide"
20010512,unknown,"Custody death charges against SI after 14 years"
20010512,unknown,"Demand for private protection on the rise"
20010512,unknown,"Tenant sues Shahi Imam's brother"
20010512,unknown,"Insurance firm challenges compensation ruling"
20010512,unknown,"Gang of specialised car thieves held"
20010512,unknown,"New panel will suggest ways to check female foeticide"
20010512,unknown,"Kant witnesses an unusual demonstration"
20010512,unknown,"Dentist's wife murdered"
20010512,unknown,"Mum's the word"
20010512,unknown,"The billionth baby turns 1"
20010512,unknown,"DU principals meet VC over suspension"
20010512,unknown,"DUSU starts website on admissions"
20010512,unknown,"Fiddling With FDI"
20010513,unknown,"Centre stalls CBI move on Ayodhya"
20010513,unknown,"SC allows two Hinduja brothers to go abroad"
20010513,unknown,"US has its very own Laloo"
20010513,unknown,"Sushma braves the bare breast threat at Cannes"
20010513,unknown,"Move over Shakespeare; this is an andolan"
20010513,unknown,"Karuna for Jaya"
20010513,unknown,"Straight Answers"
20010513,unknown,"Fiddling With FDI"
20010513,unknown,"The Balco Question"
20010513,unknown,"Honest Injun"
20010513,unknown,"Auroville; the City of Dawn"
20010513,unknown,"Life's Little Games"
20010513,unknown,"Mother Shakti"
20010513,unknown,"Will it be photo-finish this time?"
20010513,unknown,"SSLC results: the agony continues"
20010513,unknown,"Fellowship helps them fight alcoholism"
20010513,unknown,"The question now is who is whose Enemy No.1 ?"
20010513,unknown,"Backed by deputy mayor; resident flouts building rules"
20010513,unknown,"Hotel Ashok murder: Cops find suspects' photos"
20010513,unknown,"Get those muscles moving"
20010513,unknown,"Nightingale awards to 22 nurses"
20010513,unknown,"Coming clean"
20010513,unknown,"Drunkard drives daughter to suicide; kills himself"
20010513,unknown,"Bank hikes interest on deposits for senior citizens"
20010513,unknown,"Funds for rural uplift not used"
20010513,unknown,"Committees to supervise water supply in Belgaum"
20010513,unknown,"Poll win celebration leads to violence"
20010513,unknown,"Head comes first; helmets next!"
20010513,unknown,"Workshop for women artists today"
20010513,unknown,"World Billava Conference inaugurated in Udupi"
20010513,unknown,"BU Syndicate member demands inquiry"
20010513,unknown,"Rs 120 cr for water scheme in Belgaum: CEO"
20010513,unknown,"Encroachments threaten 900-year-old temple"
20010513,jugular-vein,"Foreign Arder"
20010513,jugular-vein,"Contemptibly yours"
20010513,swaminomics,"Recessions have become tamer"
20010514,unknown,"Buddha smiles; Amma bounces back"
20010514,unknown,"No pattern; only many new questions"
20010514,unknown,"India to seek Malaysia's help for entry into ASEAN"
20010514,unknown,"The man who invented Malgudi"
20010514,unknown,"The Disappearing Sex"
20010514,unknown,"Mama Mia"
20010514,unknown,"Polls Apart"
20010514,unknown,"Star of Superstition"
20010514,unknown,"The Supreme One & His Many Forms"
20010514,unknown,"My Black Beauty"
20010514,unknown,"Individual Freedom"
20010514,unknown,"Friends and Foes"
20010514,unknown,"Straight Answers"
20010514,unknown,"Karnataka reassures Goa on river issue"
20010514,unknown,"Minor raped; accused absconding"
20010514,unknown,"CM inspects oil spillage"
20010514,unknown,"New bus service introduced"
20010514,unknown,"Whither online advertising?"
20010514,unknown,"Microsoft's new strategy: Upgrade or else..."
20010514,unknown,"Bharti calling; money talks"
20010514,unknown,"Chandigarh is all set to join the IT bandwagon"
20010514,unknown,"Information warfare: Is India Prepared for it?"
20010514,unknown,"CM apologises for delay in cable work"
20010514,unknown,"KPTC up in arms over changes in project plans"
20010514,unknown,"Abroad ahoy..that's the consensus"
20010514,unknown,"Will the angels smile on their tiny bundle of joy?"
20010514,unknown,"Let's crawl beneath the flyover till Dalwai gets CM to inaugurate it"
20010514,unknown,"Library turns tailoring centre; is BCC listening?"
20010514,unknown,"Row over snub to MP at counting centre"
20010514,unknown,"All set for CET on May 16; 17"
20010514,unknown,"Madam will nab Veerappan: AIADMK"
20010514,unknown,"Not loud; but good adspeak"
20010514,unknown,"Documentary on Kodavas bags national award"
20010514,unknown,"Kodagu tourney: Referee manhandled"
20010514,unknown,"Woman murdered by son; daughter-in-law"
20010514,unknown,"Popularise coffee consumption: Minister"
20010514,unknown,"Hybrid cotton to be grown this season"
20010514,unknown,"KSOU introduces new IT courses"
20010514,unknown,"Lifetime Achievement award for Rajkumar"
20010514,unknown,"Rs 10 cr for desilting of Kolar tanks"
20010514,unknown,"Rs 9.25 lakh hawala money seized"
20010514,unknown,"DK ZP adjudged best in state"
